ref,t,emg1,emg2,emg1raw,emg2raw,aDotS,bDotS,gDotS,aS,bS,gS,aDotSH,bDotSH,gDotSH,aSH,bSH,gSH
0,0,124,286,500,496,-0.0259876,0.03449849,-0.01007448,-1.372724,2.979017,-1.583029,-0.03039151,-0.01873458,0.03558361,-1.015495,-2.915719,1.546259
