ref,t,emg1,emg2,emg1raw,emg2raw,aDotS,bDotS,gDotS,aS,bS,gS,aDotSH,bDotSH,gDotSH,aSH,bSH,gSH
90,0,672,172,468,501,-2.035903,0.5387242,0.2585027,-1.296435,2.993975,-0.2281978,-0.7478543,-0.265141,1.31305,-0.1713989,-2.417027,1.51026
