ref,t,emg1,emg2,emg1raw,emg2raw,aDotS,bDotS,gDotS,aS,bS,gS,aDotSH,bDotSH,gDotSH,aSH,bSH,gSH
90,0,961,556,460,482,-0.5176863,0.1772224,-0.4012626,-0.7567527,3.101511,-0.03596546,-0.2781535,-0.1653208,0.2899154,-0.3155995,2.612187,2.737572
