ref,t,emg1,emg2,emg1raw,emg2raw,aDotS,bDotS,gDotS,aS,bS,gS,aDotSH,bDotSH,gDotSH,aSH,bSH,gSH
90,0,579,189,508,501,-2.309059,0.4986465,0.5572178,-1.392391,3.028151,-0.2121794,-1.47232,0.485424,1.557509,-0.3951204,3.120196,2.40011
