ref,t,emg1,emg2,emg1raw,emg2raw,aDotS,bDotS,gDotS,aS,bS,gS
90,0,-0.1851149,-0.0196606,-0.04061018,-1.545236,3.073029,0.02519776,-0.004913434,-0.0697007,0.1698046,-0.1021221,0.8399189,-1.664051
