ref,t,emg1,emg2,emg1raw,emg2raw,aDotS,bDotS,gDotS,aS,bS,gS,aDotSH,bDotSH,gDotSH,aSH,bSH,gSH
90,0,44,104,497,498,-0.8575411,-0.2642458,-0.4982506,-0.8585946,3.051483,-0.0182091,-0.4325902,-0.09649163,0.2944648,-0.3887736,2.800058,2.384495
