ref,t,emg1,emg2,emg1raw,emg2raw,aDotS,bDotS,gDotS,aS,bS,gS,aDotSH,bDotSH,gDotSH,aSH,bSH,gSH
90,0,44,104,497,498,0.04690707,-1.39025,0.1227209,-0.7360727,3.047019,-0.02829875,0.07766592,0.0822637,0.06201858,-0.3612445,2.792939,2.381484
