ref,t,emg1,emg2,emg1raw,emg2raw,aDotS,bDotS,gDotS,aS,bS,gS,aDotSH,bDotSH,gDotSH,aSH,bSH,gSH
90,0,446,731,516,482,-0.3662541,-0.02807311,-0.1733349,-0.7788708,3.088876,-0.03898016,-0.298308,-0.0493049,0.2159494,-0.3468682,2.523808,2.871185
