ref,t,emg1,emg2,emg1raw,emg2raw,aDotS,bDotS,gDotS,aS,bS,gS,aDotSH,bDotSH,gDotSH,aSH,bSH,gSH
90,0,44,104,497,498,-0.850296,-0.1336198,-0.4422735,-0.8296887,3.097419,-0.01128115,-0.4678715,-0.09020013,0.1616322,-0.3982006,2.98239,2.344579
