ref,t,emg1,emg2,emg1raw,emg2raw,aDotS,bDotS,gDotS,aS,bS,gS,aDotSH,bDotSH,gDotSH,aSH,bSH,gSH
0,0,114,301,498,495,0.1162975,-0.4839788,0.445019,-1.330432,-2.830231,-1.726856,0.005425896,0.1601145,-0.1952933,-0.7765298,-2.424943,1.167734
