ref,t,emg1,emg2,emg1raw,emg2raw,aDotS,bDotS,gDotS,aS,bS,gS,aDotSH,bDotSH,gDotSH,aSH,bSH,gSH
0,0,81,354,498,488,0.02262834,-0.2922134,0.692117,-1.341636,-2.84753,-1.704013,0.1124493,0.1239307,-0.0898074,-0.7776324,-2.593941,1.375071
