ref,t,emg1,emg2,emg1raw,emg2raw,aDotS,bDotS,gDotS,aS,bS,gS,aDotSH,bDotSH,gDotSH,aSH,bSH,gSH
0,0,81,307,497,480,0.2956555,-0.9078187,0.5153655,-1.365421,-3.005155,-1.696755,0.05114355,0.2420933,-0.1138438,-0.8249158,-2.669149,1.364382
