ref,t,emg1,emg2,emg1raw,emg2raw,aDotS,bDotS,gDotS,aS,bS,gS,aDotSH,bDotSH,gDotSH,aSH,bSH,gSH
0,0,83,306,499,498,0.3886378,-1.543711,0.3883153,-1.32406,-3.050551,-1.690524,0.0006610155,0.4632641,0.08835217,-0.8264343,-2.756697,1.396212
