ref,t,emg1,emg2,emg1raw,emg2raw,aDotS,bDotS,gDotS,aS,bS,gS,aDotSH,bDotSH,gDotSH,aSH,bSH,gSH
0,0,95,122,496,499,-0.003912553,0.1806998,0.1149335,-1.429651,-2.462019,-1.519354,0.2136176,-0.01260448,-0.2359607,-0.5473734,-2.834207,1.592898
