ref,t,emg1,emg2,emg1raw,emg2raw,aDotS,bDotS,gDotS,aS,bS,gS,aDotSH,bDotSH,gDotSH,aSH,bSH,gSH
0,0,334,731,502,514,-0.07871239,0.09642209,-0.1936666,-1.40174,-2.757018,-1.559132,0.3211175,-0.3564056,-0.04244167,-0.4645917,-3.090072,1.677496
