ref,t,emg1,emg2,emg1raw,emg2raw,aDotS,bDotS,gDotS,aS,bS,gS,aDotSH,bDotSH,gDotSH,aSH,bSH,gSH
0,0,276,470,493,505,0.09705763,0.06528234,0.1304096,-1.419194,-2.626385,-1.525457,0.1370918,0.02134368,-0.1589653,-0.5207183,-2.967505,1.618618
