ref,t,emg1,emg2,emg1raw,emg2raw,aDotS,bDotS,gDotS,aS,bS,gS,aDotSH,bDotSH,gDotSH,aSH,bSH,gSH
0,0,179,153,499,499,-0.005797449,-0.05107772,0.03386458,-1.406498,-2.549277,-1.54185,-0.02708225,0.008097904,-0.01608496,-0.5208073,-2.779223,1.502105
