ref,t,emg1,emg2,emg1raw,emg2raw,aDotS,bDotS,gDotS,aS,bS,gS,aDotSH,bDotSH,gDotSH,aSH,bSH,gSH
0,0,278,522,502,506,0.3812767,1.209,-0.1065728,-1.415146,-2.845739,-1.663369,0.7992139,-0.5858805,-0.0716435,-0.4611082,-2.939811,1.471098
