ref,t,emg1,emg2,emg1raw,emg2raw,aDotS,bDotS,gDotS,aS,bS,gS,aDotSH,bDotSH,gDotSH,aSH,bSH,gSH
0,0,303,455,503,506,0.9590561,2.057022,1.109706,-1.425641,-2.512078,-1.56126,0.725875,-0.136832,-0.06204282,-0.4483815,-2.898776,1.646537
