ref,t,emg1,emg2,emg1raw,emg2raw,aDotS,bDotS,gDotS,aS,bS,gS,aDotSH,bDotSH,gDotSH,aSH,bSH,gSH
0,0,44,104,497,498,0.09051944,-0.06106081,0.09876166,-1.423307,-2.661327,-1.482504,0.12012,0.2312931,-0.2674608,-0.5511785,-2.906637,1.473699
0,0.01111111,44,104,497,498,0.09695464,-0.04937902,0.1019963,-1.42433,-2.661031,-1.483807,0.0869939,0.2312765,-0.2886418,-0.5551913,-2.902743,1.470509
