ref,t,emg1,emg2,emg1raw,emg2raw,aDotS,bDotS,gDotS,aS,bS,gS,aDotSH,bDotSH,gDotSH,aSH,bSH,gSH
0,0,130,383,496,504,-0.02068328,-0.01780313,-0.02085861,-1.423696,-2.649806,-1.579904,-0.02782004,-0.0192505,-0.005412782,-0.4840226,-2.982647,1.542918
