ref,t,emg1,emg2,emg1raw,emg2raw,aDotS,bDotS,gDotS,aS,bS,gS,aDotSH,bDotSH,gDotSH,aSH,bSH,gSH
0,0,550,106,487,499,-0.003003418,0.04186976,-0.02740877,-1.418623,-2.515077,-1.492977,-0.03194164,-0.01928894,-0.01293404,-0.4620765,-2.932833,1.675535
