ref,t,emg1,emg2,emg1raw,emg2raw,aDotS,bDotS,gDotS,aS,bS,gS,aDotSH,bDotSH,gDotSH,aSH,bSH,gSH
0,0,44,104,497,498,0.05487773,0.09203488,0.09809636,-1.429072,-2.639174,-1.50111,0.1033628,0.05944274,-0.05172314,-0.5976975,-2.713012,1.250889
