ref,t,emg1,emg2,emg1raw,emg2raw,aDotS,bDotS,gDotS,aS,bS,gS,aDotSH,bDotSH,gDotSH,aSH,bSH,gSH
0,0,115,110,496,499,0.01844212,-0.003369967,-0.005042492,-1.397509,-2.579949,-1.557968,0.007336587,0.005524126,0.02210685,-0.4381757,-2.91672,1.607417
