{"name":"Ricardo","familyName":"Garcia","yearOfBirth":1988,"id":"RG1988","upperArmLength":0.27,"upperArmWidth":0.10000000149011612,"forearmLength":0.27,"foreArmWidth":0.07999999821186066,"handLength":0.19,"type":2}