{"name":"Lorace","familyName":"Zhang","yearOfBirth":1996,"id":"LZ1996","upperArmLength":0.3100000023841858,"upperArmWidth":0.10000000149011612,"foreArmLength":0.28999999165534975,"foreArmWidth":0.07999999821186066,"handLength":0.18000000715255738,"type":2}