ref,t,emg1,emg2,emg1raw,emg2raw,aDotS,bDotS,gDotS,aS,bS,gS,aDotSH,bDotSH,gDotSH,aSH,bSH,gSH
90,0,44,104,497,498,-1.668397,-0.2464118,-0.6745017,-0.8549488,3.022792,-0.0002886867,-0.6161125,-0.1979411,0.5202761,-0.3807521,2.756094,2.421751
90,0.01111111,44,104,497,498,-1.579721,-0.3163147,-0.619275,-0.8495713,3.015769,0.0192733,-0.5907306,-0.1587851,0.4497544,-0.3794008,2.749804,2.433304
