ref,t,emg1,emg2,emg1raw,emg2raw,aDotS,bDotS,gDotS,aS,bS,gS,aDotSH,bDotSH,gDotSH,aSH,bSH,gSH
90,0,44,104,497,498,-1.195101,-0.2254552,-0.5217693,-0.844646,3.130546,-0.07482737,-0.6290615,-0.1692086,0.1526996,-0.3866974,2.973068,2.267265
