ref,t,emg1,emg2,emg1raw,emg2raw,aDotS,bDotS,gDotS,aS,bS,gS,aDotSH,bDotSH,gDotSH,aSH,bSH,gSH
0,0,114,279,499,513,0.4929806,-2.108377,0.2606506,-1.344254,-3.09606,-1.655313,0.007963225,0.409416,-0.06986796,-0.9236988,-2.861009,1.511895
