{"name":"Jonathan","familyName":"Eden","yearOfBirth":1990,"id":"JE1990","upperArmLength":0.30000001192092898,"upperArmWidth":0.07000000029802323,"forearmLength":0.25999999046325686,"forearmWidth":0.07000000029802323,"handLength":0.18000000715255738,"type":2,"lefty":false}