{"name":"Mr","familyName":"Demo","yearOfBirth":1942,"id":"MD1942","height":1.64,"upperArmLength":0.32,"upperArmWidth":0.10000000149011612,"forearmLength":0.28,"foreArmWidth":0.07999999821186066,"handLength":0.19,"type":2,"lefty":0}