{"name":"Vincent","familyName":"Crocher","yearOfBirth":1985,"id":"VC1985","height":1.74,"upperArmLength":0.3199999928474426,"upperArmWidth":0.07999999821186066,"forearmLength":0.2800000011920929,"forearmWidth":0.09000000357627869,"handLength":0.1899999976158142,"type":2,"lefty":false}