ref,t,emg1,emg2,emg1raw,emg2raw,aDotS,bDotS,gDotS,aS,bS,gS,aDotSH,bDotSH,gDotSH,aSH,bSH,gSH
90,0,597,167,490,500,-2.639745,0.3760404,0.6741129,-1.392453,2.98984,-0.2238025,-1.556756,0.5176735,1.646947,-0.4165972,3.102918,2.365063
