ref,t,emg1,emg2,emg1raw,emg2raw,aDotS,bDotS,gDotS,aS,bS,gS,aDotSH,bDotSH,gDotSH,aSH,bSH,gSH
90,0,622,202,529,502,-2.239941,0.2776254,0.6265446,-1.50048,2.99924,-0.1969152,-1.487267,0.5402521,1.612334,-0.4602171,-3.122912,2.376727
