ref,t,emg1,emg2,emg1raw,emg2raw,aDotS,bDotS,gDotS,aS,bS,gS,aDotSH,bDotSH,gDotSH,aSH,bSH,gSH
0,0,93,249,498,491,0.354349,-0.7719828,0.3862428,-1.340931,-3.007876,-1.643667,0.0671581,0.1911188,-0.1468922,-0.807765,-2.441627,1.14427
