ref,t,emg1,emg2,emg1raw,emg2raw,aDotS,bDotS,gDotS,aS,bS,gS,aDotSH,bDotSH,gDotSH,aSH,bSH,gSH
0,0,91,356,496,492,0.1761654,-1.201797,0.4271868,-1.311757,-2.800319,-1.733761,-0.1564162,0.4217307,-0.04046879,-0.7604491,-2.327952,1.052311
