ref,t,emg1,emg2,emg1raw,emg2raw,aDotS,bDotS,gDotS,aS,bS,gS,aDotSH,bDotSH,gDotSH,aSH,bSH,gSH
0,0,86,140,498,499,0.03421319,-0.1352485,-0.0287361,-1.447934,-2.201868,-1.551618,-0.05890088,0.007913679,-0.01161943,-0.5274236,-2.651621,1.542834
