ref,t,emg1,emg2,emg1raw,emg2raw,aDotS,bDotS,gDotS,aS,bS,gS,aDotSH,bDotSH,gDotSH,aSH,bSH,gSH
0,0,127,125,497,498,0.1527186,0.209423,0.2872379,-1.455564,-2.655919,-1.47614,0.3310256,0.3216999,-0.4028178,-0.5960549,-2.822944,1.404807
0,0.01111111,127,125,497,498,0.1623864,0.2085995,0.2935368,-1.459206,-2.657889,-1.47784,0.3261134,0.3122617,-0.3431017,-0.5988117,-2.817961,1.397189
