ref,t,emg1,emg2,emg1raw,emg2raw,aDotS,bDotS,gDotS,aS,bS,gS,aDotSH,bDotSH,gDotSH,aSH,bSH,gSH
0,0,201,413,499,504,0.7153691,1.334649,0.9954299,-1.426115,-2.668189,-1.531836,0.7035589,0.01105398,-0.2603957,-0.4680506,-2.975635,1.596947
